n, tiempo
1, 0
2, 0
3, 0
4, 0
5, 0
6, 0
7, 0
8, 0
9, 0
10, 0
11, 0
12, 0
13, 0
14, 0
15, 1
16, 0
17, 0
18, 0
19, 0
20, 0
21, 0
22, 0
23, 0
24, 0
25, 0
26, 0
27, 0
28, 0
29, 0
30, 0
31, 0
32, 0
33, 0
34, 0
35, 0
36, 0
37, 0
38, 1
39, 0
40, 0
41, 0
42, 0
43, 0
44, 0
45, 0
46, 0
47, 0
48, 0
49, 0
50, 0
51, 0
52, 0
53, 0
54, 0
55, 0
56, 0
57, 0
58, 0
59, 1
60, 0
61, 0
62, 0
63, 0
64, 0
65, 0
66, 0
67, 0
68, 0
69, 0
70, 0
71, 0
72, 0
73, 0
74, 0
75, 0
76, 0
77, 0
78, 0
79, 0
80, 0
81, 0
82, 1
83, 0
84, 0
85, 0
86, 0
87, 0
88, 0
89, 0
90, 0
91, 0
92, 0
93, 0
94, 0
95, 0
96, 1
97, 0
98, 0
99, 0
100, 0
101, 0
102, 0
103, 1
104, 0
105, 0
106, 0
107, 1
108, 0
109, 0
110, 0
111, 0
112, 0
113, 0
114, 0
115, 0
116, 0
117, 0
118, 0
119, 0
120, 0
121, 0
122, 0
123, 1
124, 1
125, 0
126, 0
127, 0
128, 0
129, 1
130, 0
131, 0
132, 0
133, 1
134, 0
135, 0
136, 0
137, 0
138, 0
139, 1
140, 0
141, 0
142, 1
143, 0
144, 0
145, 0
146, 1
147, 0
148, 0
149, 1
150, 0
151, 0
152, 1
153, 1
154, 0
155, 0
156, 0
157, 0
158, 1
159, 0
160, 0
161, 1
162, 1
163, 1
164, 0
165, 1
166, 1
167, 1
168, 1
169, 0
170, 1
171, 1
172, 0
173, 0
174, 1
175, 0
176, 1
177, 0
178, 0
179, 0
180, 0
181, 0
182, 0
183, 0
184, 0
185, 0
186, 2
187, 0
188, 0
189, 0
190, 1
191, 1
192, 0
193, 1
194, 0
195, 0
196, 1
197, 0
198, 1
199, 0
200, 0
201, 0
202, 0
203, 0
204, 1
205, 0
206, 0
207, 0
208, 1
209, 1
210, 0
211, 1
212, 1
213, 1
214, 1
215, 0
216, 1
217, 0
218, 1
219, 0
220, 0
221, 1
222, 1
223, 0
224, 1
225, 1
226, 0
227, 1
228, 1
229, 1
230, 1
231, 0
232, 0
233, 1
234, 0
235, 0
236, 1
237, 1
238, 1
239, 1
240, 1
241, 1
242, 0
243, 1
244, 1
245, 1
246, 0
247, 1
248, 2
249, 1
250, 1
251, 1
252, 1
253, 1
254, 2
255, 2
256, 0
257, 1
258, 1
259, 1
260, 1
261, 1
262, 2
263, 2
264, 0
265, 2
266, 1
267, 1
268, 0
269, 1
270, 1
271, 1
272, 2
273, 1
274, 1
275, 1
276, 1
277, 1
278, 1
279, 1
280, 2
281, 1
282, 1
283, 1
284, 1
285, 2
286, 1
287, 1
288, 3
289, 2
290, 1
291, 1
292, 1
293, 1
294, 1
295, 3
296, 1
297, 1
298, 2
299, 1
300, 2
301, 1
302, 3
303, 2
304, 1
305, 2
306, 1
307, 1
308, 2
309, 2
310, 1
311, 2
312, 1
313, 2
314, 1
315, 2
316, 3
317, 1
318, 2
319, 2
320, 2
321, 2
322, 2
323, 2
324, 2
325, 1
326, 3
327, 2
328, 1
329, 2
330, 2
331, 2
332, 2
333, 3
334, 2
335, 2
336, 2
337, 2
338, 2
339, 2
340, 2
341, 2
342, 2
343, 3
344, 2
345, 2
346, 2
347, 2
348, 3
349, 2
350, 2
351, 2
352, 2
353, 3
354, 3
355, 2
356, 2
357, 2
358, 3
359, 3
360, 2
361, 3
362, 2
363, 4
364, 5
365, 3
366, 3
367, 2
368, 3
369, 3
370, 2
371, 3
372, 3
373, 2
374, 3
375, 4
376, 5
377, 3
378, 3
379, 4
380, 4
381, 7
382, 6
383, 3
384, 3
385, 3
386, 3
387, 4
388, 5
389, 4
390, 3
391, 3
392, 5
393, 3
394, 3
395, 3
396, 3
397, 5
398, 6
399, 6
400, 6
401, 3
402, 4
403, 2
404, 4
405, 3
406, 4
407, 3
408, 3
409, 4
410, 3
411, 3
412, 5
413, 5
414, 5
415, 6
416, 3
417, 4
418, 3
419, 4
420, 3
421, 4
422, 3
423, 3
424, 5
425, 5
426, 4
427, 7
428, 6
429, 4
430, 4
431, 4
432, 4
433, 4
434, 5
435, 5
436, 5
437, 11
438, 10
439, 11
440, 7
441, 11
442, 11
443, 13
444, 13
445, 9
446, 11
447, 9
448, 9
449, 6
450, 6
451, 6
452, 6
453, 12
454, 7
455, 4
456, 6
457, 6
458, 4
459, 4
460, 6
461, 4
462, 5
463, 5
464, 5
465, 4
466, 9
467, 6
468, 5
469, 5
470, 4
471, 6
472, 4
473, 6
474, 4
475, 5
476, 6
477, 4
478, 5
479, 8
480, 7
481, 6
482, 5
483, 6
484, 8
485, 9
486, 6
487, 5
488, 7
489, 5
490, 5
491, 6
492, 5
493, 6
494, 5
495, 6
496, 6
497, 5
498, 6
499, 5
500, 7
501, 6
502, 7
503, 10
504, 7
505, 5
506, 7
507, 5
508, 6
509, 6
510, 6
511, 7
512, 5
513, 8
514, 5
515, 7
516, 6
517, 8
518, 6
519, 10
520, 8
521, 6
522, 6
523, 7
524, 7
525, 6
526, 7
527, 6
528, 9
529, 6
530, 8
531, 6
532, 7
533, 7
534, 7
535, 6
536, 8
537, 7
538, 9
539, 11
540, 7
541, 7
542, 7
543, 8
544, 7
545, 7
546, 8
547, 6
548, 9
549, 7
550, 10
551, 8
552, 7
553, 8
554, 7
555, 7
556, 7
557, 8
558, 7
559, 8
560, 7
561, 9
562, 7
563, 9
564, 7
565, 8
566, 7
567, 11
568, 10
569, 9
570, 13
571, 10
572, 10
573, 9
574, 8
575, 8
576, 9
577, 8
578, 9
579, 8
580, 11
581, 8
582, 10
583, 10
584, 9
585, 8
586, 10
587, 11
588, 11
589, 10
590, 9
591, 8
592, 10
593, 9
594, 10
595, 9
596, 9
597, 9
598, 9
599, 13
600, 12
601, 10
602, 9
603, 10
604, 12
605, 8
606, 11
607, 10
608, 9
609, 11
610, 11
611, 9
612, 12
613, 10
614, 9
615, 10
616, 11
617, 9
618, 9
619, 11
620, 9
621, 10
622, 11
623, 10
624, 10
625, 11
626, 11
627, 11
628, 11
629, 9
630, 10
631, 11
632, 9
633, 12
634, 11
635, 11
636, 10
637, 15
638, 14
639, 14
640, 11
641, 11
642, 10
643, 11
644, 11
645, 10
646, 11
647, 13
648, 14
649, 11
650, 17
651, 10
652, 11
653, 12
654, 10
655, 11
656, 12
657, 11
658, 11
659, 11
660, 11
661, 10
662, 13
663, 10
664, 13
665, 11
666, 10
667, 11
668, 12
669, 10
670, 12
671, 12
672, 11
673, 10
674, 13
675, 12
676, 11
677, 12
678, 11
679, 12
680, 12
681, 12
682, 11
683, 12
684, 13
685, 11
686, 12
687, 17
688, 12
689, 13
690, 12
691, 15
692, 18
693, 14
694, 12
695, 15
696, 11
697, 13
698, 12
699, 13
700, 17
701, 14
702, 17
703, 13
704, 13
705, 12
706, 20
707, 11
708, 12
709, 14
710, 13
711, 13
712, 13
713, 13
714, 14
715, 14
716, 14
717, 14
718, 14
719, 13
720, 14
721, 13
722, 13
723, 14
724, 15
725, 14
726, 15
727, 16
728, 15
729, 14
730, 14
731, 14
732, 13
733, 19
734, 13
735, 13
736, 22
737, 14
738, 16
739, 15
740, 14
741, 15
742, 15
743, 15
744, 15
745, 17
746, 15
747, 14
748, 14
749, 16
750, 15
751, 15
752, 16
753, 16
754, 24
755, 18
756, 16
757, 17
758, 17
759, 17
760, 16
761, 16
762, 16
763, 18
764, 16
765, 15
766, 17
767, 17
768, 15
769, 16
770, 19
771, 16
772, 16
773, 18
774, 17
775, 16
776, 22
777, 24
778, 18
779, 16
780, 17
781, 16
782, 18
783, 16
784, 17
785, 18
786, 16
787, 18
788, 17
789, 19
790, 17
791, 18
792, 16
793, 17
794, 22
795, 19
796, 20
797, 17
798, 18
799, 18
800, 17
801, 17
802, 19
803, 17
804, 18
805, 18
806, 20
807, 20
808, 18
809, 19
810, 23
811, 18
812, 20
813, 19
814, 19
815, 24
816, 19
817, 27
818, 18
819, 22
820, 19
821, 19
822, 21
823, 19
824, 20
825, 19
826, 18
827, 19
828, 19
829, 20
830, 20
831, 18
832, 18
833, 18
834, 19
835, 21
836, 18
837, 20
838, 20
839, 20
840, 19
841, 19
842, 19
843, 19
844, 21
845, 21
846, 19
847, 19
848, 27
849, 29
850, 22
851, 21
852, 22
853, 20
854, 20
855, 21
856, 19
857, 20
858, 22
859, 23
860, 21
861, 23
862, 21
863, 21
864, 21
865, 20
866, 27
867, 20
868, 28
869, 23
870, 23
871, 21
872, 25
873, 22
874, 25
875, 21
876, 21
877, 25
878, 25
879, 22
880, 25
881, 22
882, 22
883, 21
884, 23
885, 26
886, 23
887, 21
888, 22
889, 20
890, 22
891, 22
892, 22
893, 22
894, 22
895, 24
896, 22
897, 22
898, 22
899, 23
900, 21
901, 24
902, 24
903, 23
904, 24
905, 25
906, 24
907, 23
908, 22
909, 25
910, 22
911, 23
912, 28
913, 28
914, 23
915, 23
916, 21
917, 24
918, 23
919, 24
920, 22
921, 25
922, 24
923, 24
924, 23
925, 27
926, 28
927, 24
928, 22
929, 23
930, 23
931, 25
932, 28
933, 30
934, 25
935, 25
936, 24
937, 25
938, 24
939, 28
940, 30
941, 24
942, 36
943, 25
944, 30
945, 23
946, 29
947, 26
948, 25
949, 26
950, 27
951, 25
952, 27
953, 26
954, 25
955, 27
956, 27
957, 30
958, 28
959, 26
960, 27
961, 27
962, 30
963, 29
964, 26
965, 27
966, 30
967, 25
968, 31
969, 27
970, 26
971, 33
972, 32
973, 26
974, 28
975, 28
976, 28
977, 35
978, 26
979, 28
980, 26
981, 26
982, 29
983, 30
984, 28
985, 27
986, 28
987, 28
988, 27
989, 31
990, 27
991, 28
992, 27
993, 33
994, 28
995, 30
996, 29
997, 36
998, 30
999, 30
1000, 35
1001, 28
1002, 29
1003, 32
1004, 30
1005, 30
1006, 30
1007, 29
1008, 28
1009, 29
1010, 35
1011, 29
1012, 34
1013, 32
1014, 34
1015, 31
1016, 29
1017, 34
1018, 31
1019, 30
1020, 31
1021, 30
1022, 29
1023, 31
1024, 30
1025, 30
1026, 30
1027, 31
1028, 31
1029, 31
1030, 30
1031, 37
1032, 32
1033, 31
1034, 33
1035, 37
1036, 31
1037, 31
1038, 31
1039, 31
1040, 31
1041, 31
1042, 35
1043, 30
1044, 36
1045, 31
1046, 32
1047, 34
1048, 34
1049, 40
1050, 42
1051, 32
1052, 33
1053, 42
1054, 32
1055, 33
1056, 32
1057, 34
1058, 34
1059, 32
1060, 33
1061, 35
1062, 36
1063, 33
1064, 35
1065, 31
1066, 31
1067, 33
1068, 32
1069, 33
1070, 35
1071, 32
1072, 33
1073, 37
1074, 33
1075, 32
1076, 39
1077, 43
1078, 39
1079, 34
1080, 36
1081, 36
1082, 40
1083, 34
1084, 36
1085, 34
1086, 37
1087, 39
1088, 35
1089, 34
1090, 33
1091, 35
1092, 35
1093, 35
1094, 39
1095, 35
1096, 38
1097, 37
1098, 46
1099, 41
1100, 36
1101, 35
1102, 36
1103, 42
1104, 41
1105, 36
1106, 38
1107, 34
1108, 34
1109, 36
1110, 40
1111, 35
1112, 40
1113, 36
1114, 39
1115, 40
1116, 37
1117, 34
1118, 35
1119, 36
1120, 37
1121, 37
1122, 40
1123, 46
1124, 37
1125, 37
1126, 37
1127, 37
1128, 41
1129, 37
1130, 37
1131, 36
1132, 38
1133, 36
1134, 37
1135, 39
1136, 53
1137, 39
1138, 38
1139, 37
1140, 42
1141, 37
1142, 39
1143, 45
1144, 38
1145, 37
1146, 39
1147, 39
1148, 40
1149, 39
1150, 36
1151, 39
1152, 40
1153, 39
1154, 42
1155, 39
1156, 47
1157, 46
1158, 46
1159, 39
1160, 39
1161, 44
1162, 43
1163, 39
1164, 38
1165, 38
1166, 41
1167, 39
1168, 44
1169, 39
1170, 40
1171, 40
1172, 45
1173, 44
1174, 40
1175, 41
1176, 41
1177, 44
1178, 47
1179, 42
1180, 45
1181, 41
1182, 42
1183, 42
1184, 42
1185, 53
1186, 43
1187, 45
1188, 44
1189, 45
1190, 43
1191, 42
1192, 52
1193, 44
1194, 41
1195, 44
1196, 42
1197, 42
1198, 42
1199, 41
1200, 47
1201, 46
1202, 43
1203, 44
1204, 45
1205, 43
1206, 43
1207, 44
1208, 52
1209, 42
1210, 46
1211, 43
1212, 44
1213, 41
1214, 45
1215, 42
1216, 48
1217, 49
1218, 47
1219, 44
1220, 45
1221, 46
1222, 45
1223, 49
1224, 45
1225, 45
1226, 43
1227, 45
1228, 44
1229, 45
1230, 48
1231, 45
1232, 47
1233, 46
1234, 46
1235, 48
1236, 55
1237, 47
1238, 53
1239, 48
1240, 45
1241, 45
1242, 46
1243, 45
1244, 46
1245, 50
1246, 48
1247, 48
1248, 50
1249, 52
1250, 50
1251, 56
1252, 52
1253, 48
1254, 46
1255, 50
1256, 47
1257, 51
1258, 49
1259, 50
1260, 49
1261, 47
1262, 46
1263, 53
1264, 49
1265, 48
1266, 47
1267, 48
1268, 53
1269, 49
1270, 47
1271, 50
1272, 48
1273, 52
1274, 51
1275, 47
1276, 49
1277, 55
1278, 49
1279, 51
1280, 51
1281, 58
1282, 52
1283, 52
1284, 53
1285, 48
1286, 47
1287, 51
1288, 50
1289, 53
1290, 49
1291, 55
1292, 54
1293, 49
1294, 57
1295, 52
1296, 53
1297, 49
1298, 94
1299, 60
1300, 52
1301, 58
1302, 50
1303, 53
1304, 54
1305, 54
1306, 54
1307, 56
1308, 49
1309, 51
1310, 54
1311, 53
1312, 50
1313, 57
1314, 63
1315, 57
1316, 51
1317, 52
1318, 53
1319, 55
1320, 51
1321, 55
1322, 50
1323, 52
1324, 52
1325, 52
1326, 61
1327, 52
1328, 61
1329, 55
1330, 53
1331, 54
1332, 58
1333, 52
1334, 53
1335, 51
1336, 52
1337, 53
1338, 54
1339, 57
1340, 58
1341, 59
1342, 59
1343, 55
1344, 52
1345, 53
1346, 60
1347, 56
1348, 56
1349, 54
1350, 55
1351, 57
1352, 54
1353, 53
1354, 58
1355, 58
1356, 54
1357, 55
1358, 59
1359, 53
1360, 58
1361, 69
1362, 57
1363, 55
1364, 61
1365, 56
1366, 58
1367, 58
1368, 60
1369, 55
1370, 56
1371, 60
1372, 58
1373, 58
1374, 62
1375, 57
1376, 58
1377, 57
1378, 56
1379, 54
1380, 60
1381, 57
1382, 59
1383, 56
1384, 60
1385, 63
1386, 61
1387, 63
1388, 62
1389, 61
1390, 57
1391, 60
1392, 56
1393, 61
1394, 68
1395, 61
1396, 64
1397, 58
1398, 67
1399, 62
1400, 58
1401, 63
1402, 59
1403, 58
1404, 64
1405, 63
1406, 65
1407, 62
1408, 59
1409, 65
1410, 63
1411, 59
1412, 61
1413, 65
1414, 60
1415, 60
1416, 63
1417, 60
1418, 72
1419, 64
1420, 64
1421, 59
1422, 64
1423, 63
1424, 65
1425, 58
1426, 63
1427, 63
1428, 65
1429, 65
1430, 67
1431, 76
1432, 65
1433, 61
1434, 66
1435, 70
1436, 63
1437, 60
1438, 66
1439, 66
1440, 64
1441, 69
1442, 63
1443, 64
1444, 68
1445, 63
1446, 66
1447, 62
1448, 60
1449, 67
1450, 70
1451, 73
1452, 66
1453, 65
1454, 69
1455, 64
1456, 63
1457, 65
1458, 67
1459, 84
1460, 67
1461, 67
1462, 73
1463, 66
1464, 70
1465, 69
1466, 76
1467, 72
1468, 65
1469, 65
1470, 65
1471, 64
1472, 64
1473, 67
1474, 65
1475, 65
1476, 75
1477, 70
1478, 72
1479, 70
1480, 65
1481, 69
1482, 70
1483, 66
1484, 72
1485, 67
1486, 69
1487, 69
1488, 75
1489, 80
1490, 68
1491, 72
1492, 74
1493, 69
1494, 71
1495, 67
1496, 70
1497, 67
1498, 66
1499, 71
1500, 73
1501, 73
1502, 68
1503, 76
1504, 75
1505, 74
1506, 68
1507, 75
1508, 71
1509, 69
1510, 74
1511, 78
1512, 68
1513, 73
1514, 70
1515, 71
1516, 69
1517, 74
1518, 70
1519, 71
1520, 75
1521, 74
1522, 70
1523, 75
1524, 74
1525, 73
1526, 76
1527, 71
1528, 73
1529, 76
1530, 71
1531, 80
1532, 73
1533, 73
1534, 77
1535, 76
1536, 79
1537, 75
1538, 71
1539, 75
1540, 77
1541, 75
1542, 70
1543, 75
1544, 77
1545, 77
1546, 77
1547, 79
1548, 81
1549, 77
1550, 76
1551, 73
1552, 74
1553, 75
1554, 79
1555, 79
1556, 79
1557, 74
1558, 73
1559, 82
1560, 74
1561, 72
1562, 73
1563, 74
1564, 79
1565, 77
1566, 77
1567, 78
1568, 80
1569, 74
1570, 76
1571, 74
1572, 81
1573, 85
1574, 76
1575, 76
1576, 79
1577, 80
1578, 83
1579, 81
1580, 78
1581, 74
1582, 83
1583, 74
1584, 79
1585, 77
1586, 79
1587, 86
1588, 87
1589, 77
1590, 79
1591, 77
1592, 78
1593, 77
1594, 78
1595, 77
1596, 81
1597, 75
1598, 77
1599, 80
1600, 84
1601, 85
1602, 79
1603, 86
1604, 81
1605, 85
1606, 86
1607, 80
1608, 78
1609, 82
1610, 86
1611, 95
1612, 84
1613, 78
1614, 83
1615, 93
1616, 84
1617, 82
1618, 85
1619, 81
1620, 87
1621, 91
1622, 82
1623, 87
1624, 80
1625, 83
1626, 87
1627, 86
1628, 82
1629, 80
1630, 83
1631, 82
1632, 83
1633, 86
1634, 82
1635, 84
1636, 84
1637, 89
1638, 90
1639, 83
1640, 83
1641, 94
1642, 95
1643, 94
1644, 87
1645, 90
1646, 100
1647, 92
1648, 86
1649, 88
1650, 83
1651, 84
1652, 88
1653, 84
1654, 87
1655, 89
1656, 91
1657, 93
1658, 92
1659, 100
1660, 87
1661, 88
1662, 96
1663, 96
1664, 96
1665, 88
1666, 91
1667, 101
1668, 88
1669, 94
1670, 87
1671, 87
1672, 87
1673, 88
1674, 91
1675, 87
1676, 89
1677, 85
1678, 88
1679, 90
1680, 94
1681, 91
1682, 90
1683, 89
1684, 87
1685, 95
1686, 90
1687, 97
1688, 88
1689, 98
1690, 98
1691, 88
1692, 91
1693, 95
1694, 96
1695, 101
1696, 90
1697, 92
1698, 89
1699, 97
1700, 99
1701, 92
1702, 88
1703, 89
1704, 90
1705, 92
1706, 93
1707, 89
1708, 98
1709, 92
1710, 90
1711, 90
1712, 92
1713, 105
1714, 94
1715, 97
1716, 104
1717, 93
1718, 102
1719, 94
1720, 90
1721, 98
1722, 90
1723, 92
1724, 93
1725, 92
1726, 97
1727, 93
1728, 92
1729, 97
1730, 93
1731, 95
1732, 104
1733, 97
1734, 100
1735, 104
1736, 101
1737, 96
1738, 106
1739, 96
1740, 101
1741, 97
1742, 94
1743, 105
1744, 99
1745, 99
1746, 105
1747, 98
1748, 96
1749, 95
1750, 95
1751, 95
1752, 106
1753, 98
1754, 100
1755, 97
1756, 99
1757, 97
1758, 98
1759, 95
1760, 99
1761, 97
1762, 95
1763, 108
1764, 101
1765, 109
1766, 98
1767, 102
1768, 92
1769, 94
1770, 104
1771, 109
1772, 98
1773, 98
1774, 98
1775, 99
1776, 107
1777, 100
1778, 99
1779, 106
1780, 103
1781, 101
1782, 100
1783, 104
1784, 101
1785, 98
1786, 101
1787, 100
1788, 108
1789, 102
1790, 100
1791, 101
1792, 98
1793, 97
1794, 105
1795, 104
1796, 99
1797, 114
1798, 105
1799, 99
1800, 107
1801, 106
1802, 105
1803, 102
1804, 99
1805, 122
1806, 102
1807, 108
1808, 106
1809, 102
1810, 102
1811, 107
1812, 109
1813, 108
1814, 103
1815, 106
1816, 106
1817, 109
1818, 103
1819, 99
1820, 107
1821, 106
1822, 107
1823, 103
1824, 113
1825, 117
1826, 113
1827, 109
1828, 159
1829, 112
1830, 110
1831, 121
1832, 115
1833, 113
1834, 112
1835, 103
1836, 105
1837, 104
1838, 110
1839, 107
1840, 107
1841, 106
1842, 107
1843, 114
1844, 109
1845, 106
1846, 114
1847, 109
1848, 111
1849, 110
1850, 110
1851, 107
1852, 114
1853, 107
1854, 108
1855, 108
1856, 115
1857, 111
1858, 118
1859, 114
1860, 118
1861, 109
1862, 113
1863, 110
1864, 109
1865, 110
1866, 110
1867, 109
1868, 111
1869, 116
1870, 111
1871, 114
1872, 117
1873, 116
1874, 111
1875, 111
1876, 122
1877, 109
1878, 113
1879, 111
1880, 108
1881, 113
1882, 109
1883, 113
1884, 110
1885, 112
1886, 116
1887, 112
1888, 114
1889, 114
1890, 119
1891, 112
1892, 116
1893, 116
1894, 122
1895, 117
1896, 114
1897, 123
1898, 117
1899, 123
1900, 110
1901, 114
1902, 117
1903, 127
1904, 114
1905, 122
1906, 119
1907, 115
1908, 114
1909, 112
1910, 125
1911, 123
1912, 116
1913, 122
1914, 115
1915, 116
1916, 117
1917, 125
1918, 120
1919, 123
1920, 118
1921, 123
1922, 128
1923, 119
1924, 116
1925, 131
1926, 115
1927, 122
1928, 119
1929, 116
1930, 119
1931, 121
1932, 122
1933, 122
1934, 131
1935, 195
1936, 168
1937, 155
1938, 140
1939, 128
1940, 128
1941, 128
1942, 142
1943, 122
1944, 125
1945, 120
1946, 123
1947, 117
1948, 124
1949, 115
1950, 124
1951, 126
1952, 122
1953, 117
1954, 128
1955, 131
1956, 125
1957, 122
1958, 124
1959, 119
1960, 135
1961, 128
1962, 133
1963, 120
1964, 128
1965, 134
1966, 121
1967, 126
1968, 130
1969, 120
1970, 137
1971, 126
1972, 119
1973, 131
1974, 128
1975, 128
1976, 121
1977, 122
1978, 121
1979, 162
1980, 135
1981, 137
1982, 133
1983, 131
1984, 127
1985, 120
1986, 123
1987, 125
1988, 134
1989, 126
1990, 133
1991, 123
1992, 123
1993, 125
1994, 123
1995, 146
1996, 134
1997, 138
1998, 124
1999, 125
2000, 127
2001, 132
2002, 140
2003, 169
2004, 133
2005, 137
2006, 133
2007, 126
2008, 137
2009, 147
2010, 131
2011, 131
2012, 163
2013, 133
2014, 130
2015, 140
2016, 162
2017, 142
2018, 143
2019, 138
2020, 134
2021, 130
2022, 130
2023, 134
2024, 137
2025, 135
2026, 134
2027, 137
2028, 132
2029, 130
2030, 144
2031, 135
2032, 141
2033, 134
2034, 140
2035, 141
2036, 130
2037, 142
2038, 140
2039, 134
2040, 140
2041, 134
2042, 133
2043, 138
2044, 133
2045, 134
2046, 132
2047, 144
2048, 131
2049, 136
2050, 135
2051, 141
2052, 135
2053, 132
2054, 131
2055, 163
2056, 156
2057, 148
2058, 139
2059, 159
2060, 135
2061, 138
2062, 138
2063, 141
2064, 136
2065, 145
2066, 139
2067, 134
2068, 134
2069, 136
2070, 144
2071, 137
2072, 145
2073, 140
2074, 134
2075, 135
2076, 139
2077, 137
2078, 142
2079, 144
2080, 147
2081, 151
2082, 149
2083, 138
2084, 153
2085, 134
2086, 139
2087, 135
2088, 148
2089, 154
2090, 147
2091, 162
2092, 147
2093, 141
2094, 145
2095, 144
2096, 142
2097, 149
2098, 140
2099, 154
2100, 145
2101, 143
2102, 150
2103, 147
2104, 140
2105, 153
2106, 143
2107, 149
2108, 149
2109, 146
2110, 142
2111, 149
2112, 159
2113, 144
2114, 148
2115, 148
2116, 139
2117, 193
2118, 166
2119, 151
2120, 145
2121, 148
2122, 153
2123, 149
2124, 153
2125, 153
2126, 145
2127, 149
2128, 146
2129, 150
2130, 142
2131, 149
2132, 157
2133, 150
2134, 147
2135, 146
2136, 149
2137, 153
2138, 150
2139, 146
2140, 148
2141, 149
2142, 149
2143, 150
2144, 149
2145, 155
2146, 152
2147, 148
2148, 148
2149, 158
2150, 143
2151, 145
2152, 144
2153, 146
2154, 147
2155, 146
2156, 154
2157, 155
2158, 158
2159, 147
2160, 159
2161, 153
2162, 152
2163, 149
2164, 150
2165, 149
2166, 151
2167, 159
2168, 144
2169, 145
2170, 163
2171, 149
2172, 155
2173, 155
2174, 148
2175, 151
2176, 153
2177, 157
2178, 149
2179, 153
2180, 155
2181, 158
2182, 160
2183, 171
2184, 156
2185, 158
2186, 156
2187, 153
2188, 158
2189, 156
2190, 159
2191, 151
2192, 159
2193, 180
2194, 151
2195, 158
2196, 163
2197, 153
2198, 165
2199, 171
2200, 158
2201, 160
2202, 163
2203, 164
2204, 158
2205, 167
2206, 214
2207, 152
2208, 157
2209, 157
2210, 162
2211, 166
2212, 161
2213, 152
2214, 154
2215, 157
2216, 160
2217, 168
2218, 157
2219, 162
2220, 160
2221, 185
2222, 159
2223, 155
2224, 160
2225, 156
2226, 160
2227, 159
2228, 164
2229, 162
2230, 161
2231, 161
2232, 162
2233, 164
2234, 162
2235, 159
2236, 171
2237, 160
2238, 169
2239, 167
2240, 166
2241, 165
2242, 164
2243, 169
2244, 156
2245, 159
2246, 164
2247, 165
2248, 157
2249, 164
2250, 162
2251, 168
2252, 165
2253, 163
2254, 166
2255, 184
2256, 172
2257, 175
2258, 165
2259, 163
2260, 164
2261, 172
2262, 160
2263, 167
2264, 163
2265, 160
2266, 165
2267, 171
2268, 178
2269, 165
2270, 171
2271, 165
2272, 170
2273, 181
2274, 172
2275, 169
2276, 162
2277, 171
2278, 169
2279, 174
2280, 171
2281, 166
2282, 176
2283, 171
2284, 174
2285, 180
2286, 169
2287, 180
2288, 167
2289, 176
2290, 179
2291, 170
2292, 171
2293, 172
2294, 184
2295, 176
2296, 171
2297, 173
2298, 177
2299, 174
2300, 180
2301, 191
2302, 180
2303, 185
2304, 170
2305, 179
2306, 175
2307, 181
2308, 172
2309, 186
2310, 178
2311, 175
2312, 182
2313, 175
2314, 171
2315, 183
2316, 178
2317, 182
2318, 177
2319, 191
2320, 184
2321, 178
2322, 175
2323, 169
2324, 178
2325, 182
2326, 177
2327, 176
2328, 192
2329, 179
2330, 174
2331, 179
2332, 175
2333, 180
2334, 178
2335, 175
2336, 186
2337, 185
2338, 187
2339, 182
2340, 181
2341, 193
2342, 177
2343, 183
2344, 177
2345, 178
2346, 188
2347, 189
2348, 193
2349, 186
2350, 181
2351, 178
2352, 185
2353, 176
2354, 181
2355, 185
2356, 179
2357, 186
2358, 193
2359, 209
2360, 186
2361, 187
2362, 191
2363, 177
2364, 183
2365, 192
2366, 194
2367, 183
2368, 189
2369, 188
2370, 189
2371, 188
2372, 193
2373, 178
2374, 187
2375, 187
2376, 196
2377, 187
2378, 190
2379, 189
2380, 187
2381, 188
2382, 184
2383, 184
2384, 189
2385, 197
2386, 188
2387, 188
2388, 188
2389, 191
2390, 189
2391, 189
2392, 188
2393, 197
2394, 197
2395, 214
2396, 191
2397, 198
2398, 191
2399, 203
2400, 201
2401, 199
2402, 201
2403, 190
2404, 195
2405, 202
2406, 184
2407, 190
2408, 195
2409, 191
2410, 188
2411, 192
2412, 196
2413, 196
2414, 200
2415, 202
2416, 255
2417, 201
2418, 202
2419, 192
2420, 190
2421, 202
2422, 208
2423, 202
2424, 196
2425, 193
2426, 203
2427, 202
2428, 201
2429, 201
2430, 200
2431, 190
2432, 198
2433, 197
2434, 192
2435, 201
2436, 199
2437, 196
2438, 194
2439, 199
2440, 207
2441, 199
2442, 207
2443, 212
2444, 197
2445, 205
2446, 208
2447, 207
2448, 198
2449, 206
2450, 199
2451, 219
2452, 214
2453, 209
2454, 216
2455, 201
2456, 205
2457, 203
2458, 200
2459, 204
2460, 204
2461, 206
2462, 205
2463, 209
2464, 200
2465, 201
2466, 211
2467, 215
2468, 200
2469, 212
2470, 199
2471, 204
2472, 207
2473, 211
2474, 224
2475, 208
2476, 204
2477, 200
2478, 218
2479, 218
2480, 219
2481, 219
2482, 216
2483, 215
2484, 231
2485, 215
2486, 219
2487, 217
2488, 230
2489, 230
2490, 222
2491, 257
2492, 248
2493, 222
2494, 228
2495, 216
2496, 222
2497, 210
2498, 205
2499, 206
2500, 201
2501, 200
2502, 203
2503, 205
2504, 210
2505, 213
2506, 269
2507, 208
2508, 215
2509, 204
2510, 211
2511, 209
2512, 205
2513, 222
2514, 208
2515, 229
2516, 233
2517, 206
2518, 221
2519, 213
2520, 205
2521, 215
2522, 228
2523, 211
2524, 208
2525, 215
2526, 213
2527, 215
2528, 205
2529, 204
2530, 212
2531, 209
2532, 214
2533, 238
2534, 220
2535, 209
2536, 217
2537, 219
2538, 236
2539, 216
2540, 239
2541, 218
2542, 205
2543, 214
2544, 222
2545, 221
2546, 227
2547, 226
2548, 212
2549, 229
2550, 230
2551, 218
2552, 224
2553, 217
2554, 221
2555, 212
2556, 272
2557, 257
2558, 228
2559, 218
2560, 215
2561, 222
2562, 233
2563, 224
2564, 220
2565, 262
2566, 228
2567, 224
2568, 225
2569, 220
2570, 238
2571, 224
2572, 220
2573, 234
2574, 220
2575, 227
2576, 229
2577, 231
2578, 232
2579, 216
2580, 234
2581, 226
2582, 230
2583, 220
2584, 244
2585, 236
2586, 223
2587, 236
2588, 224
2589, 231
2590, 221
2591, 220
2592, 222
2593, 220
2594, 270
2595, 249
2596, 234
2597, 250
2598, 237
2599, 220
2600, 243
2601, 298
2602, 298
2603, 246
2604, 242
2605, 233
2606, 239
2607, 235
2608, 238
2609, 231
2610, 226
2611, 235
2612, 239
2613, 251
2614, 257
2615, 245
2616, 235
2617, 220
2618, 232
2619, 303
2620, 306
2621, 241
2622, 242
2623, 250
2624, 248
2625, 242
2626, 240
2627, 254
2628, 263
2629, 259
2630, 262
2631, 256
2632, 262
2633, 234
2634, 226
2635, 237
2636, 229
2637, 243
2638, 236
2639, 250
2640, 253
2641, 265
2642, 266
2643, 257
2644, 270
2645, 251
2646, 255
2647, 256
2648, 249
2649, 276
2650, 258
2651, 263
2652, 272
2653, 260
2654, 271
2655, 290
2656, 279
2657, 280
2658, 269
2659, 271
2660, 259
2661, 269
2662, 263
2663, 275
2664, 250
2665, 250
2666, 275
2667, 260
2668, 239
2669, 233
2670, 283
2671, 277
2672, 284
2673, 246
2674, 267
2675, 275
2676, 270
2677, 269
2678, 263
2679, 299
2680, 277
2681, 279
2682, 275
2683, 273
2684, 276
2685, 288
2686, 267
2687, 274
2688, 278
2689, 287
2690, 289
2691, 290
2692, 288
2693, 274
2694, 274
2695, 269
2696, 283
2697, 306
2698, 267
2699, 264
2700, 289
2701, 277
2702, 269
2703, 256
2704, 270
2705, 257
2706, 243
2707, 267
2708, 291
2709, 280
2710, 250
2711, 240
2712, 236
2713, 245
2714, 237
2715, 239
2716, 242
2717, 251
2718, 248
2719, 245
2720, 253
2721, 246
2722, 254
2723, 255
2724, 258
2725, 262
2726, 256
2727, 239
2728, 244
2729, 257
2730, 244
2731, 250
2732, 250
2733, 243
2734, 265
2735, 256
2736, 255
2737, 260
2738, 257
2739, 253
2740, 246
2741, 257
2742, 257
2743, 245
2744, 251
2745, 256
2746, 249
2747, 252
2748, 247
2749, 251
2750, 251
2751, 247
2752, 245
2753, 249
2754, 249
2755, 244
2756, 247
2757, 253
2758, 261
2759, 246
2760, 246
2761, 272
2762, 254
2763, 252
2764, 247
2765, 246
2766, 255
2767, 250
2768, 258
2769, 242
2770, 253
2771, 260
2772, 258
2773, 251
2774, 254
2775, 252
2776, 248
2777, 267
2778, 301
2779, 259
2780, 258
2781, 248
2782, 255
2783, 264
2784, 282
2785, 252
2786, 259
2787, 286
2788, 253
2789, 266
2790, 262
2791, 259
2792, 267
2793, 267
2794, 276
2795, 270
2796, 278
2797, 263
2798, 258
2799, 274
2800, 311
2801, 273
2802, 278
2803, 264
2804, 276
2805, 293
2806, 264
2807, 258
2808, 265
2809, 262
2810, 268
2811, 273
2812, 272
2813, 268
2814, 274
2815, 271
2816, 262
2817, 274
2818, 278
2819, 269
2820, 275
2821, 260
2822, 268
2823, 265
2824, 277
2825, 279
2826, 273
2827, 269
2828, 274
2829, 272
2830, 279
2831, 275
2832, 273
2833, 271
2834, 275
2835, 258
2836, 268
2837, 273
2838, 277
2839, 265
2840, 269
2841, 283
2842, 288
2843, 284
2844, 282
2845, 281
2846, 282
2847, 287
2848, 285
2849, 280
2850, 279
2851, 283
2852, 301
2853, 287
2854, 282
2855, 270
2856, 284
2857, 270
2858, 280
2859, 291
2860, 298
2861, 267
2862, 285
2863, 278
2864, 290
2865, 288
2866, 296
2867, 290
2868, 291
2869, 290
2870, 292
2871, 271
2872, 285
2873, 282
2874, 289
2875, 290
2876, 285
2877, 281
2878, 269
2879, 287
2880, 274
2881, 280
2882, 298
2883, 280
2884, 303
2885, 283
2886, 284
2887, 285
2888, 280
2889, 283
2890, 294
2891, 278
2892, 283
2893, 297
2894, 294
2895, 285
2896, 295
2897, 288
2898, 282
2899, 279
2900, 285
2901, 279
2902, 285
2903, 283
2904, 312
2905, 285
2906, 286
2907, 283
2908, 294
2909, 281
2910, 289
2911, 306
2912, 276
2913, 290
2914, 283
2915, 280
2916, 313
2917, 284
2918, 293
2919, 289
2920, 300
2921, 299
2922, 297
2923, 290
2924, 283
2925, 303
2926, 285
2927, 292
2928, 293
2929, 295
2930, 298
2931, 282
2932, 290
2933, 295
2934, 300
2935, 319
2936, 283
2937, 289
2938, 345
2939, 310
2940, 300
2941, 281
2942, 299
2943, 299
2944, 306
2945, 317
2946, 287
2947, 300
2948, 305
2949, 298
2950, 305
2951, 303
2952, 302
2953, 296
2954, 307
2955, 322
2956, 304
2957, 292
2958, 292
2959, 298
2960, 298
2961, 298
2962, 304
2963, 291
2964, 302
2965, 312
2966, 298
2967, 303
2968, 298
2969, 294
2970, 311
2971, 303
2972, 343
2973, 309
2974, 303
2975, 313
2976, 306
2977, 310
2978, 316
2979, 310
2980, 300
2981, 302
2982, 305
2983, 297
2984, 308
2985, 312
2986, 310
2987, 303
2988, 318
2989, 319
2990, 310
2991, 314
2992, 302
2993, 305
2994, 314
2995, 303
2996, 307
2997, 306
2998, 316
2999, 320
3000, 321
3001, 329
3002, 338
3003, 324
3004, 302
3005, 312
3006, 311
3007, 308
3008, 321
3009, 312
3010, 324
3011, 328
3012, 314
3013, 322
3014, 316
3015, 302
3016, 313
3017, 311
3018, 318
3019, 317
3020, 316
3021, 314
3022, 310
3023, 304
3024, 343
3025, 322
3026, 322
3027, 319
3028, 316
3029, 310
3030, 320
3031, 316
3032, 323
3033, 313
3034, 324
3035, 312
3036, 324
3037, 303
3038, 324
3039, 326
3040, 319
3041, 308
3042, 326
3043, 319
3044, 316
3045, 319
3046, 317
3047, 313
3048, 317
3049, 322
3050, 321
3051, 326
3052, 326
3053, 329
3054, 336
3055, 363
3056, 332
3057, 362
3058, 319
3059, 374
3060, 343
3061, 334
3062, 328
3063, 340
3064, 321
3065, 329
3066, 340
3067, 333
3068, 319
3069, 345
3070, 327
3071, 337
3072, 333
3073, 324
3074, 333
3075, 348
3076, 338
3077, 325
3078, 330
3079, 329
3080, 329
3081, 329
3082, 335
3083, 332
3084, 326
3085, 333
3086, 332
3087, 335
3088, 324
3089, 331
3090, 327
3091, 341
3092, 334
3093, 327
3094, 338
3095, 344
3096, 338
3097, 341
3098, 329
3099, 330
3100, 333
3101, 323
3102, 342
3103, 362
3104, 343
3105, 327
3106, 337
3107, 338
3108, 337
3109, 337
3110, 332
3111, 347
3112, 351
3113, 325
3114, 338
3115, 332
3116, 336
3117, 330
3118, 334
3119, 335
3120, 330
3121, 347
3122, 346
3123, 322
3124, 328
3125, 334
3126, 332
3127, 344
3128, 331
3129, 342
3130, 353
3131, 332
3132, 331
3133, 337
3134, 339
3135, 341
3136, 336
3137, 337
3138, 341
3139, 349
3140, 354
3141, 354
3142, 344
3143, 332
3144, 347
3145, 339
3146, 339
3147, 350
3148, 344
3149, 344
3150, 341
3151, 351
3152, 352
3153, 345
3154, 347
3155, 351
3156, 341
3157, 343
3158, 395
3159, 341
3160, 346
3161, 338
3162, 334
3163, 337
3164, 332
3165, 344
3166, 353
3167, 360
3168, 343
3169, 350
3170, 353
3171, 350
3172, 367
3173, 353
3174, 358
3175, 373
3176, 356
3177, 344
3178, 349
3179, 365
3180, 355
3181, 358
3182, 365
3183, 354
3184, 362
3185, 345
3186, 341
3187, 351
3188, 351
3189, 345
3190, 363
3191, 358
3192, 346
3193, 369
3194, 366
3195, 352
3196, 349
3197, 352
3198, 355
3199, 355
3200, 369
3201, 358
3202, 342
3203, 346
3204, 378
3205, 361
3206, 357
3207, 355
3208, 359
3209, 372
3210, 365
3211, 352
3212, 351
3213, 369
3214, 358
3215, 375
3216, 356
3217, 365
3218, 361
3219, 367
3220, 370
3221, 366
3222, 372
3223, 372
3224, 360
3225, 365
3226, 389
3227, 353
3228, 360
3229, 361
3230, 360
3231, 362
3232, 359
3233, 353
3234, 361
3235, 375
3236, 365
3237, 368
3238, 363
3239, 366
3240, 374
3241, 373
3242, 375
3243, 368
3244, 467
3245, 410
3246, 381
3247, 385
3248, 372
3249, 424
3250, 476
3251, 387
3252, 379
3253, 377
3254, 386
3255, 366
3256, 368
3257, 369
3258, 371
3259, 376
3260, 375
3261, 371
3262, 371
3263, 381
3264, 371
3265, 369
3266, 382
3267, 391
3268, 378
3269, 355
3270, 362
3271, 379
3272, 366
3273, 375
3274, 378
3275, 378
3276, 382
3277, 383
3278, 360
3279, 388
3280, 382
3281, 368
3282, 374
3283, 381
3284, 373
3285, 395
3286, 388
3287, 379
3288, 371
3289, 399
3290, 381
3291, 378
3292, 380
3293, 369
3294, 393
3295, 387
3296, 377
3297, 384
3298, 374
3299, 381
3300, 433
3301, 386
3302, 381
3303, 381
3304, 383
3305, 383
3306, 374
3307, 399
3308, 406
3309, 379
3310, 410
3311, 381
3312, 400
3313, 371
3314, 397
3315, 375
3316, 384
3317, 378
3318, 410
3319, 373
3320, 400
3321, 395
3322, 373
3323, 383
3324, 382
3325, 378
3326, 404
3327, 378
3328, 376
3329, 383
3330, 392
3331, 437
3332, 392
3333, 395
3334, 392
3335, 377
3336, 388
3337, 386
3338, 395
3339, 385
3340, 385
3341, 394
3342, 395
3343, 391
3344, 389
3345, 400
3346, 379
3347, 401
3348, 378
3349, 390
3350, 392
3351, 401
3352, 385
3353, 398
3354, 388
3355, 397
3356, 410
3357, 395
3358, 411
3359, 392
3360, 402
3361, 403
3362, 400
3363, 385
3364, 413
3365, 407
3366, 393
3367, 397
3368, 393
3369, 406
3370, 393
3371, 411
3372, 404
3373, 408
3374, 400
3375, 391
3376, 403
3377, 390
3378, 415
3379, 385
3380, 393
3381, 401
3382, 389
3383, 415
3384, 424
3385, 402
3386, 400
3387, 390
3388, 399
3389, 394
3390, 409
3391, 400
3392, 415
3393, 396
3394, 411
3395, 414
3396, 435
3397, 393
3398, 406
3399, 417
3400, 401
3401, 406
3402, 409
3403, 409
3404, 396
3405, 399
3406, 394
3407, 407
3408, 412
3409, 405
3410, 394
3411, 419
3412, 401
3413, 403
3414, 416
3415, 399
3416, 406
3417, 399
3418, 430
3419, 395
3420, 419
3421, 452
3422, 410
3423, 419
3424, 429
3425, 402
3426, 421
3427, 421
3428, 422
3429, 401
3430, 403
3431, 405
3432, 413
3433, 403
3434, 423
3435, 472
3436, 410
3437, 409
3438, 414
3439, 411
3440, 424
3441, 406
3442, 417
3443, 421
3444, 429
3445, 426
3446, 404
3447, 418
3448, 421
3449, 406
3450, 427
3451, 422
3452, 424
3453, 419
3454, 434
3455, 405
3456, 412
3457, 430
3458, 434
3459, 461
3460, 412
3461, 426
3462, 426
3463, 436
3464, 430
3465, 438
3466, 406
3467, 420
3468, 434
3469, 444
3470, 432
3471, 412
3472, 438
3473, 421
3474, 433
3475, 418
3476, 415
3477, 420
3478, 403
3479, 426
3480, 423
3481, 419
3482, 431
3483, 437
3484, 431
3485, 423
3486, 412
3487, 429
3488, 427
3489, 431
3490, 423
3491, 437
3492, 432
3493, 431
3494, 440
3495, 426
3496, 423
3497, 438
3498, 421
3499, 442
3500, 420
3501, 422
3502, 436
3503, 426
3504, 443
3505, 437
3506, 436
3507, 439
3508, 430
3509, 422
3510, 432
3511, 452
3512, 470
3513, 439
3514, 421
3515, 438
3516, 429
3517, 427
3518, 442
3519, 423
3520, 425
3521, 443
3522, 466
3523, 458
3524, 453
3525, 443
3526, 451
3527, 444
3528, 455
3529, 439
3530, 436
3531, 434
3532, 428
3533, 427
3534, 440
3535, 441
3536, 458
3537, 435
3538, 444
3539, 446
3540, 432
3541, 424
3542, 456
3543, 460
3544, 459
3545, 448
3546, 457
3547, 469
3548, 497
3549, 476
3550, 438
3551, 441
3552, 418
3553, 438
3554, 442
3555, 445
3556, 466
3557, 450
3558, 440
3559, 459
3560, 504
3561, 515
3562, 471
3563, 483
3564, 481
3565, 495
3566, 479
3567, 479
3568, 513
3569, 496
3570, 503
3571, 493
3572, 582
3573, 472
3574, 441
3575, 478
3576, 469
3577, 462
3578, 480
3579, 460
3580, 471
3581, 539
3582, 531
3583, 506
3584, 500
3585, 490
3586, 530
3587, 508
3588, 472
3589, 489
3590, 511
3591, 513
3592, 463
3593, 461
3594, 470
3595, 455
3596, 454
3597, 491
3598, 508
3599, 480
3600, 517
3601, 500
3602, 508
3603, 510
3604, 486
3605, 475
3606, 473
3607, 450
3608, 444
3609, 446
3610, 459
3611, 493
3612, 507
3613, 486
3614, 508
3615, 533
3616, 547
3617, 515
3618, 537
3619, 564
3620, 535
3621, 552
3622, 528
3623, 509
3624, 516
3625, 469
3626, 465
3627, 457
3628, 559
3629, 467
3630, 463
3631, 478
3632, 491
3633, 457
3634, 468
3635, 476
3636, 473
3637, 490
3638, 500
3639, 486
3640, 463
3641, 482
3642, 481
3643, 463
3644, 457
3645, 478
3646, 491
3647, 478
3648, 475
3649, 467
3650, 495
3651, 467
3652, 482
3653, 474
3654, 475
3655, 484
3656, 499
3657, 483
3658, 467
3659, 484
3660, 479
3661, 494
3662, 492
3663, 474
3664, 485
3665, 470
3666, 481
3667, 487
3668, 467
3669, 481
3670, 470
3671, 486
3672, 488
3673, 564
3674, 495
3675, 510
3676, 477
3677, 473
3678, 504
3679, 468
3680, 489
3681, 479
3682, 466
3683, 484
3684, 484
3685, 472
3686, 509
3687, 493
3688, 481
3689, 461
3690, 474
3691, 487
3692, 477
3693, 487
3694, 472
3695, 476
3696, 479
3697, 492
3698, 481
3699, 478
3700, 466
3701, 470
3702, 523
3703, 492
3704, 489
3705, 485
3706, 490
3707, 470
3708, 506
3709, 484
3710, 498
3711, 510
3712, 490
3713, 494
3714, 486
3715, 512
3716, 474
3717, 497
3718, 488
3719, 489
3720, 510
3721, 481
3722, 483
3723, 480
3724, 491
3725, 496
3726, 497
3727, 508
3728, 502
3729, 507
3730, 481
3731, 514
3732, 500
3733, 487
3734, 490
3735, 492
3736, 493
3737, 499
3738, 483
3739, 511
3740, 518
3741, 507
3742, 501
3743, 506
3744, 499
3745, 491
3746, 513
3747, 521
3748, 487
3749, 505
3750, 488
3751, 551
3752, 510
3753, 493
3754, 484
3755, 536
3756, 514
3757, 519
3758, 504
3759, 511
3760, 503
3761, 503
3762, 518
3763, 510
3764, 526
3765, 517
3766, 497
3767, 506
3768, 497
3769, 497
3770, 503
3771, 491
3772, 501
3773, 500
3774, 496
3775, 511
3776, 494
3777, 513
3778, 510
3779, 522
3780, 524
3781, 525
3782, 528
3783, 538
3784, 519
3785, 504
3786, 503
3787, 510
3788, 493
3789, 557
3790, 504
3791, 516
3792, 513
3793, 504
3794, 525
3795, 508
3796, 526
3797, 507
3798, 505
3799, 505
3800, 484
3801, 509
3802, 506
3803, 512
3804, 508
3805, 517
3806, 498
3807, 513
3808, 519
3809, 559
3810, 508
3811, 517
3812, 525
3813, 552
3814, 526
3815, 543
3816, 528
3817, 544
3818, 532
3819, 533
3820, 562
3821, 531
3822, 524
3823, 541
3824, 525
3825, 544
3826, 570
3827, 534
3828, 536
3829, 536
3830, 597
3831, 520
3832, 519
3833, 512
3834, 518
3835, 539
3836, 555
3837, 520
3838, 514
3839, 508
3840, 538
3841, 541
3842, 547
3843, 587
3844, 536
3845, 538
3846, 549
3847, 533
3848, 537
3849, 568
3850, 534
3851, 525
3852, 536
3853, 545
3854, 533
3855, 530
3856, 535
3857, 524
3858, 541
3859, 551
3860, 536
3861, 535
3862, 547
3863, 538
3864, 544
3865, 548
3866, 549
3867, 582
3868, 564
3869, 545
3870, 523
3871, 535
3872, 530
3873, 555
3874, 524
3875, 568
3876, 541
3877, 543
3878, 545
3879, 534
3880, 544
3881, 577
3882, 527
3883, 564
3884, 540
3885, 537
3886, 537
3887, 528
3888, 524
3889, 539
3890, 534
3891, 548
3892, 546
3893, 546
3894, 557
3895, 534
3896, 520
3897, 558
3898, 549
3899, 562
3900, 573
3901, 528
3902, 542
3903, 542
3904, 536
3905, 543
3906, 561
3907, 621
3908, 548
3909, 537
3910, 552
3911, 560
3912, 561
3913, 535
3914, 564
3915, 533
3916, 569
3917, 548
3918, 547
3919, 543
3920, 557
3921, 545
3922, 558
3923, 541
3924, 584
3925, 573
3926, 561
3927, 556
3928, 543
3929, 543
3930, 552
3931, 549
3932, 551
3933, 559
3934, 550
3935, 544
3936, 545
3937, 544
3938, 567
3939, 561
3940, 546
3941, 560
3942, 567
3943, 571
3944, 540
3945, 561
3946, 547
3947, 583
3948, 589
3949, 566
3950, 565
3951, 568
3952, 562
3953, 552
3954, 551
3955, 555
3956, 563
3957, 546
3958, 550
3959, 541
3960, 558
3961, 561
3962, 555
3963, 568
3964, 569
3965, 583
3966, 554
3967, 587
3968, 588
3969, 561
3970, 594
3971, 552
3972, 572
3973, 562
3974, 555
3975, 577
3976, 568
3977, 574
3978, 566
3979, 586
3980, 555
3981, 572
3982, 614
3983, 623
3984, 631
3985, 580
3986, 553
3987, 577
3988, 562
3989, 582
3990, 556
3991, 565
3992, 577
3993, 573
3994, 586
3995, 562
3996, 583
3997, 552
3998, 577
3999, 572
4000, 580
